{"bounds":{"east":120.17929130849029,"north":35.94959272137661,"south":35.93587735497683,"west":120.1636057501712},"contentType":"image/png","generatetool":"cesiumlab3@www.cesiumlab.com/imagetiler","latLonBounds":{"east":120.17929130849029,"north":35.94959272137661,"south":35.93587735497683,"west":120.1636057501712},"maxzoom":17,"minzoom":0,"proj":3857,"tilesize":256,"tiletrans":"google","type":"image","ziped":false}