{
    "xCell": [
        9.999999999999949E-5
    ],
    "yCell": [
        -9.999999999999949E-5
    ],
    "unit": [
        ""
    ],
    "maxVal": [
        0.74
    ],
    "minVal": [
        0
    ],
    "yLen": [
        132
    ],
    "yOri": [
        35.950755805651276
    ],
    "xOri": [
        120.16355714716035
    ],
    "xLen": [
        145
    ]
}